ID,Handle,Title,Description,SKU,Price_Regular,Price_Sale,On_Sale,Discount_Percent,Currency,Category,Brands,Primary_Brand,Tags,Main_Image,Gallery_Images,Is_Combo,Stock_Status,Stock_Quantity,Weight,Dimensions,Created_At,Updated_At
1,kit-3-perfumes-1-million-parfum-paco-rabanne-sauvage-dior-e-invictus-paco-rabanne,"3-Piece Fragrance Set: 1 Million Parfum, Sauvage Dior & Invictus Paco Rabanne",Description for Combo 3 Perfumes 1 Million Parfum Paco Rabanne Sauvage Dior Et Invictus Paco Rabanne,FRAG-0002-BE4FD3,49.9,,false,0,GBP,Fragrance Sets,Dior,Dior,men; gift-set; new-in; bestseller; premium; offers,/images/products/combos/main/1-million-parfum-paco-rabanne-sauvage-dior-et-invi-main.png,,true,,,,,2025-08-23T14:36:12.495362,2025-08-23T22:45:54.481317
2,kit-3-perfumes-212-vip-rose-carolina-herrera-olympea-paco-rabanne-e-coco-mademoiselle-chanel,"3-Piece Fragrance Set: 212 VIP Rose, Olympea & Coco Mademoiselle",Description for Combo 3 Perfumes 212 Vip Rose Carolina Herrera Olympea Paco Rabanne Et Coco Mademoiselle Chanel,FRAG-0003-A89C36,49.9,,false,0,GBP,Fragrance Sets,Chanel,Chanel,women; gift-set; new-in; premium; offers,/images/products/combos/main/212-vip-rose-carolina-herrera-olympea-paco-rabanne-main.png,,true,,,,,2025-08-23T14:36:12.495377,2025-08-23T22:45:54.481863
3,kit-3-perfumes-boss-bottled-infinite-boss-the-essencia-e-boss-bottled,"3-Piece Fragrance Set: Boss Bottled Infinite, Boss The Scent & Boss Bottled",Description for Combo 3 Perfumes Boss Bottled Infinite Boss The Scent E Boss Bottled,FRAG-0004-543588,49.9,,false,0,GBP,Fragrance Sets,Hugo Boss,Hugo Boss,men; Hugo Boss; authentic; collection; combo; fragrance; fragrance sets; gift-set; perfume; scent; set; uk,/images/products/combos/main/boss-bottled-infinite-boss-the-scent-e-boss-bottle-main.png,,true,,,,,2025-08-23T14:36:12.495388,2025-08-23T22:45:54.482213
4,kit-3-perfumes-dylan-blue-versace-phantom-paco-rabanne-e-ultra-male-jean-paul-gaultier,"3-Piece Fragrance Set: Dylan Blue, Phantom & Ultra Male",Description for Combo 3 Perfumes Dylan Blue Versace Phantom Paco Rabanne Et Ultra Male Jean Paul Gaultier,FRAG-0005-5F7EA8,49.9,,false,0,GBP,Fragrance Sets,Versace,Versace,men; Versace; authentic; collection; combo; fragrance; fragrance sets; gift-set; perfume; scent; set; uk,/images/products/combos/main/dylan-blue-versace-phantom-paco-rabanne-et-ultra-m-main.png,,true,,,,,2025-08-23T14:36:12.495401,2025-08-23T22:45:54.482407
5,kit-3-perfumes-scandal-jean-paul-gaultier-jadore-dior-e-la-vie-est-belle-lancome,"3-Piece Fragrance Set: Scandal, J'adore & La Vie Est Belle",Description for Combo 3 Perfumes Scandal Jean Paul Gaultier Jadore Dior Et La Vie Est Belle Lancome,FRAG-0008-667128,49.9,,false,0,GBP,Fragrance Sets,Lancôme; Dior,Lancôme,women; Dior; Lancôme; authentic; collection; combo; fragrance; fragrance sets; gift-set; perfume; scent; set; uk,/images/products/combos/main/scandal-jean-paul-gaultier-jadore-dior-et-la-vie-e-main.png,,true,,,,,2025-08-23T14:36:12.495440,2025-08-23T22:45:54.482606
9,kit-3-perfumes-y-yves-saint-laurent-sauvage-dior-e-versace-eros-versace,"3-Piece Fragrance Set: Y by YSL, Sauvage & Versace Eros",Description for Combo 3 Perfumes Y Yves Saint Laurent Sauvage Dior Et Versace Eros Versace,FRAG-0009-06652A,49.9,,false,0,GBP,Fragrance Sets,Versace; Dior,Versace,men; Dior; Versace; authentic; collection; combo; fragrance; fragrance sets; gift-set; perfume; scent; set; uk,/images/products/combos/main/y-yves-saint-laurent-sauvage-dior-et-versace-eros-main.png,,true,,,,,2025-08-23T14:36:12.495457,2025-08-23T22:45:54.482813
10,Kit-of-3--212-la-vie-jadore,"3-Piece Women's Fragrance Set: Miss 212, La Vie Est Belle & J'adore",Description for Combo De 3 Miss 212 La Vie Jadore,FRAG-0010-7A4DE7,49.9,,false,0,GBP,Women's Fragrances,Multi-Brand,Multi-Brand,women; Multi-Brand; authentic; collection; combo; women; fragrance; gift-set; her; perfume; scent; set; uk; women; ,/images/products/combos/main/combo-de-3-feminino-212-la-vie-jadore-main.jpg,,true,,,,,2025-08-23T14:36:12.495467,2025-08-23T22:45:54.482985
11,Kit-of-3-perfumes-coco-mademoiselle-chanel-libre-yves-saint-laurent-e-chloe-signature,"3-Piece Fragrance Set: Coco Mademoiselle, Libre YSL & Chloé Signature",Description for Combo De 3 Perfumes Coco Mademoiselle Chanel Libre Yves Saint Laurent Et Chloe Signature,FRAG-0011-9DB7BA,49.9,,false,0,GBP,Fragrance Sets,Chloé; Chanel,Chloé,women; Chanel; Chloé; authentic; collection; combo; fragrance; fragrance sets; gift-set; perfume; scent; set; uk,/images/products/combos/main/coco-mademoiselle-chanel-libre-yves-saint-laurent-main.png,,true,,,,,2025-08-23T14:36:12.495474,2025-08-23T22:45:54.483175
12,Kit-of-3-perfumes-femininos-la-vie-est-belle-mademoiselle-e-light-blue,"3-Piece Women's Fragrance Set: La Vie Est Belle, Mademoiselle & Light Blue",Description for Combo De 3 Perfumes Femininos La Vie Est Belle Mademoiselle E Light Blue,FRAG-0012-A77106,49.9,,false,0,GBP,Women's Fragrances,Multi-Brand,Multi-Brand,women; Multi-Brand; authentic; collection; combo; women; fragrance; gift-set; her; perfume; scent; set; uk; ,/images/products/combos/main/femininos-la-vie-est-belle-mademoiselle-e-light-bl-main.webp,,true,,,,,2025-08-23T14:36:12.495486,2025-08-23T22:45:54.484586
13,Kit-of-3-perfumes-hypnotic-poison-dior-si-giorgio-armani-e-dylan-turquoise-versace,"3-Piece Fragrance Set: Hypnotic Poison, Sì Giorgio Armani & Dylan Turquoise",Description for Combo De 3 Perfumes Hypnotic Poison Dior Si Giorgio Armani Et Dylan Turquoise Versace,FRAG-0013-3C1CFA,49.9,,false,0,GBP,Fragrance Sets,Versace; Dior,Versace,women; Dior; Versace; authentic; collection; combo; fragrance; fragrance sets; gift-set; perfume; scent; set; uk,/images/products/combos/main/hypnotic-poison-dior-si-giorgio-armani-et-dylan-tu-main.png,,true,,,,,2025-08-23T14:36:12.495492,2025-08-23T22:45:54.485205
14,Kit-of-3-perfumes-masc-1-million-bleu-de-chanel-e-212-vip-black,"3-Piece Men's Fragrance Set: 1 Million, Bleu de Chanel & 212 VIP Black",Description for Combo De 3 Perfumes Masculinos 1 Million Bleu De Chanel E 212 Vip Black,FRAG-0014-D66E5D,49.9,,false,0,GBP,Men's Fragrances,Chanel,Chanel,men; Chanel; authentic; collection; combo; fragrance; gift-set; him; men; men; perfume; scent; set; uk,/images/products/combos/main/masculinos-1-million-bleu-de-chanel-e-212-vip-blac-main.jpg,,true,,,,,2025-08-23T14:36:12.495505,2025-08-23T22:45:54.486409
15,Kit-of-3-perfumes-masc-212-black-212-men-e-1-million,"3-Piece Men's Fragrance Set: 212 Black, 212 Men & 1 Million",Description for Combo De 3 Perfumes Masculinos 212 Black 212 Men E 1 Million,FRAG-0015-750E9E,49.9,,false,0,GBP,Men's Fragrances,Multi-Brand,Multi-Brand,men; Multi-Brand; authentic; collection; combo; fragrance; gift-set; him; men; men; perfume; scent; set; uk,/images/products/combos/main/masculinos-212-black-212-men-e-1-million-main.jpg,,true,,,,,2025-08-23T14:36:12.495511,2025-08-23T22:45:54.486654
16,Kit-of-3-perfumes-masc-azzaro-212-black-e-silver-essencia,"3-Piece Men's Fragrance Set: Azzaro, 212 Black & Silver Scent",Description for Combo De 3 Perfumes Masculinos Azzaro 212 Black E Silver Scent,FRAG-0016-26774A,49.9,,false,0,GBP,Men's Fragrances,Multi-Brand,Multi-Brand,men; Multi-Brand; authentic; collection; combo; fragrance; gift-set; him; men; men; perfume; scent; set; uk,/images/products/combos/main/masculinos-azzaro-212-black-e-silver-scent-main.jpg,,true,,,,,2025-08-23T14:36:12.495517,2025-08-23T22:45:54.486839
17,Kit-of-3-perfumes-masc-ferrari-black-212-vip-e-bvlgari-in-black,"3-Piece Men's Fragrance Set: Ferrari Black, 212 VIP & Bulgari In Black",Description for Combo De 3 Perfumes Masculinos Ferrari Black 212 Vip E Bvlgari In Black,FRAG-0017-00F426,49.9,,false,0,GBP,Men's Fragrances,Multi-Brand,Multi-Brand,men; Multi-Brand; authentic; collection; combo; fragrance; gift-set; him; men; perfume; scent; set; uk,/images/products/combos/main/masculinos-ferrari-black-212-vip-e-bvlgari-in-blac-main.jpg,,true,,,,,2025-08-23T14:36:12.495523,2025-08-23T22:45:54.487100
18,Kit-of-3-perfumes-masculino-sauvage-invictus-e-1-million,"3-Piece Men's Fragrance Set: Sauvage, Invictus & 1 Million",Description for Combo De 3 Perfumes Masculinos Sauvage Invictus E 1 Million,FRAG-0018-9EB1F0,49.9,,false,0,GBP,Men's Fragrances,Multi-Brand,Multi-Brand,Multi-Brand; authentic; collection; combo; fragrance; gift-set; him; men; perfume; scent; set; uk,/images/products/combos/main/masculinos-sauvage-invictus-e-1-million-main.jpg,,true,,,,,2025-08-23T14:36:12.495530,2025-08-23T22:45:54.487324
19,kit-of-3-fragrances-1,3-Piece Premium Fragrance Collection Set 1,Description for Combo Of 3 Fragrances 1,FRAG-0019-BDA61C,49.9,,false,0,GBP,Fragrance Sets,Multi-Brand,Multi-Brand,Multi-Brand; authentic; collection; combo; fragrance; fragrance sets; gift-set; perfume; scent; set; uk,/images/products/combos/main/n-5-chanel-miss-dior-black-opium-yves-saint-laurent-main.png,,true,,,,,2025-08-23T22:37:57.911347,2025-08-23T22:45:54.487550
20,kit-of-3-fragrances-10,3-Piece Premium Fragrance Collection Set 10,Description for Combo Of 3 Fragrances 10,FRAG-0020-1DC808,49.9,,false,0,GBP,Fragrance Sets,Multi-Brand,Multi-Brand,Multi-Brand; authentic; collection; combo; fragrance; fragrance sets; gift-set; perfume; scent; set; uk,/images/products/combos/main/flowerbomb-viktor-rolf-mon-paris-yves-saint-laurent-good-girl-carolina-herrera-main.png,,true,,,,,2025-08-23T22:37:57.911545,2025-08-23T22:45:54.487686
21,kit-of-3-fragrances-11,3-Piece Premium Fragrance Collection Set 11,Description for Combo Of 3 Fragrances 11,FRAG-0021-B15142,49.9,,false,0,GBP,Fragrance Sets,Multi-Brand,Multi-Brand,Multi-Brand; authentic; collection; combo; fragrance; fragrance sets; gift-set; perfume; scent; set; uk,/images/products/combos/main/opium-yves-saint-laurent-shalimar-guerlain-black-orchid-tom-ford-main.png,,true,,,,,2025-08-23T22:37:57.911772,2025-08-23T22:45:54.487823
22,kit-of-3-fragrances-12,3-Piece Premium Fragrance Collection Set 12,Description for Combo Of 3 Fragrances 12,FRAG-0022-6269B7,49.9,,false,0,GBP,Fragrance Sets,Multi-Brand,Multi-Brand,Multi-Brand; authentic; collection; combo; fragrance; fragrance sets; gift-set; perfume; scent; set; uk,/images/products/combos/main/daisy-marc-jacobs-light-blue-d-g-l-eau-d-issey-issey-miyake-main.png,,true,,,,,2025-08-23T22:37:57.911926,2025-08-23T22:45:54.488018
23,kit-of-3-fragrances-13,3-Piece Premium Fragrance Collection Set 13,Description for Combo Of 3 Fragrances 13,FRAG-0023-50271A,49.9,,false,0,GBP,Fragrance Sets,Multi-Brand,Multi-Brand,Multi-Brand; authentic; collection; combo; fragrance; fragrance sets; gift-set; perfume; scent; set; uk,/images/products/combos/main/light-blue-italian-love-d-g-acqua-di-gio-giorgio-armani-eros-pour-femme-versace-main.png,,true,,,,,2025-08-23T22:37:57.912030,2025-08-23T22:45:54.488170
24,kit-of-3-fragrances-14,3-Piece Premium Fragrance Collection Set 14,Description for Combo Of 3 Fragrances 14,FRAG-0024-543D67,49.9,,false,0,GBP,Fragrance Sets,Multi-Brand,Multi-Brand,Multi-Brand; authentic; collection; combo; fragrance; fragrance sets; gift-set; perfume; scent; set; uk,/images/products/combos/main/armani-code-femme-midnight-romance-ralph-lauren-angel-mugler-main.png,,true,,,,,2025-08-23T22:37:57.912148,2025-08-23T22:45:54.488301
25,kit-of-3-fragrances-15,3-Piece Premium Fragrance Collection Set 15,Description for Combo Of 3 Fragrances 15,FRAG-0025-69B68C,49.9,,false,0,GBP,Fragrance Sets,Multi-Brand,Multi-Brand,Multi-Brand; authentic; collection; combo; fragrance; fragrance sets; gift-set; perfume; scent; set; uk,/images/products/combos/main/bleu-de-chanel-parfum-homme-intense-dior-the-one-for-men-d-g-main.png,,true,,,,,2025-08-23T22:37:57.912303,2025-08-23T22:45:54.488433
26,kit-of-3-fragrances-16,3-Piece Premium Fragrance Collection Set 16,Description for Combo Of 3 Fragrances 16,FRAG-0026-E3678F,49.9,,false,0,GBP,Fragrance Sets,Multi-Brand,Multi-Brand,Multi-Brand; authentic; collection; combo; fragrance; fragrance sets; gift-set; perfume; scent; set; uk,/images/products/combos/main/la-vie-est-belle-lancome-mon-guerlain-si-passione-giorgio-armani-main.png,,true,,,,,2025-08-23T22:37:57.912499,2025-08-23T22:45:54.488565
27,kit-of-3-fragrances-17,3-Piece Premium Fragrance Collection Set 17,Description for Combo Of 3 Fragrances 17,FRAG-0027-CB85D6,49.9,,false,0,GBP,Fragrance Sets,Multi-Brand,Multi-Brand,Multi-Brand; authentic; collection; combo; fragrance; fragrance sets; gift-set; perfume; scent; set; uk,/images/products/combos/main/terre-d-hermes-l-homme-ideal-guerlain-spicebomb-viktor-rolf-main.png,,true,,,,,2025-08-23T22:37:57.912658,2025-08-23T22:45:54.488697
28,kit-of-3-fragrances-18,3-Piece Premium Fragrance Collection Set 18,Description for Combo Of 3 Fragrances 18,FRAG-0028-7F3501,49.9,,false,0,GBP,Fragrance Sets,Multi-Brand,Multi-Brand,Multi-Brand; authentic; collection; combo; fragrance; fragrance sets; gift-set; perfume; scent; set; uk,/images/products/combos/main/acqua-di-parma-colonia-man-eau-fraiche-versace-ck-one-main.png,,true,,,,,2025-08-23T22:37:57.912819,2025-08-23T22:45:54.488815
29,kit-of-3-fragrances-19,3-Piece Premium Fragrance Collection Set 19,Description for Combo Of 3 Fragrances 19,FRAG-0029-2940C2,49.9,,false,0,GBP,Fragrance Sets,Multi-Brand,Multi-Brand,Multi-Brand; authentic; collection; combo; fragrance; fragrance sets; gift-set; perfume; scent; set; uk,/images/products/combos/main/3pc-premium-fragrance-collection-set-19-main.png,,true,,,,,2025-08-23T22:37:57.912963,2025-08-23T22:45:54.488932
30,kit-of-3-fragrances-2,3-Piece Premium Fragrance Collection Set 2,Description for Combo Of 3 Fragrances 2,FRAG-0030-D074B4,49.9,,false,0,GBP,Fragrance Sets,Multi-Brand,Multi-Brand,Multi-Brand; authentic; collection; combo; fragrance; fragrance sets; gift-set; perfume; scent; set; uk,/images/products/combos/main/3pc-premium-fragrance-collection-set-2-main.png,,true,,,,,2025-08-23T22:37:57.913137,2025-08-23T22:45:54.489026
31,kit-of-3-fragrances-20,3-Piece Premium Fragrance Collection Set 20,Description for Combo Of 3 Fragrances 20,FRAG-0031-091572,49.9,,false,0,GBP,Fragrance Sets,Multi-Brand,Multi-Brand,Multi-Brand; authentic; collection; combo; fragrance; fragrance sets; gift-set; perfume; scent; set; uk,/images/products/combos/main/3pc-premium-fragrance-collection-set-20-main.png,,true,,,,,2025-08-23T22:37:57.913300,2025-08-23T22:45:54.489119
32,kit-of-3-fragrances-21,3-Piece Premium Fragrance Collection Set 21,Description for Combo Of 3 Fragrances 21,FRAG-0032-B55A63,49.9,,false,0,GBP,Fragrance Sets,Multi-Brand,Multi-Brand,Multi-Brand; authentic; collection; combo; fragrance; fragrance sets; gift-set; perfume; scent; set; uk,/images/products/combos/main/3pc-premium-fragrance-collection-set-21-main.png,,true,,,,,2025-08-23T22:37:57.913582,2025-08-23T22:45:54.489261
33,kit-of-3-fragrances-22,3-Piece Premium Fragrance Collection Set 22,Description for Combo Of 3 Fragrances 22,FRAG-0033-9D55DE,49.9,,false,0,GBP,Fragrance Sets,Multi-Brand,Multi-Brand,Multi-Brand; authentic; collection; combo; fragrance; fragrance sets; gift-set; perfume; scent; set; uk,/images/products/combos/main/3pc-premium-fragrance-collection-set-22-main.png,,true,,,,,2025-08-23T22:37:57.913881,2025-08-23T22:45:54.489413
34,kit-of-3-fragrances-23,3-Piece Premium Fragrance Collection Set 23,Description for Combo Of 3 Fragrances 23,FRAG-0034-C00076,49.9,,false,0,GBP,Fragrance Sets,Multi-Brand,Multi-Brand,Multi-Brand; authentic; collection; combo; fragrance; fragrance sets; gift-set; perfume; scent; set; uk,/images/products/combos/main/3pc-premium-fragrance-collection-set-23-main.png,,true,,,,,2025-08-23T22:37:57.914243,2025-08-23T22:45:54.489551
35,kit-of-3-fragrances-24,3-Piece Premium Fragrance Collection Set 24,Description for Combo Of 3 Fragrances 24,FRAG-0035-90E0A7,49.9,,false,0,GBP,Fragrance Sets,Multi-Brand,Multi-Brand,Multi-Brand; authentic; collection; combo; fragrance; fragrance sets; gift-set; perfume; scent; set; uk,/images/products/combos/main/3pc-premium-fragrance-collection-set-24-main.png,,true,,,,,2025-08-23T22:37:57.914564,2025-08-23T22:45:54.489672
36,kit-of-3-fragrances-3,3-Piece Premium Fragrance Collection Set 3,Description for Combo Of 3 Fragrances 3,FRAG-0036-08B5A6,49.9,,false,0,GBP,Fragrance Sets,Multi-Brand,Multi-Brand,Multi-Brand; authentic; collection; combo; fragrance; fragrance sets; gift-set; perfume; scent; set; uk,/images/products/combos/main/3pc-premium-fragrance-collection-set-3-main.png,,true,,,,,2025-08-23T22:37:57.914882,2025-08-23T22:45:54.489818
37,kit-of-3-fragrances-4,3-Piece Premium Fragrance Collection Set 4,Description for Combo Of 3 Fragrances 4,FRAG-0037-AD40CE,49.9,,false,0,GBP,Fragrance Sets,Multi-Brand,Multi-Brand,Multi-Brand; authentic; collection; combo; fragrance; fragrance sets; gift-set; perfume; scent; set; uk,/images/products/combos/main/3pc-premium-fragrance-collection-set-4-main.png,,true,,,,,2025-08-23T22:37:57.915110,2025-08-23T22:45:54.489953
38,kit-of-3-fragrances-5,3-Piece Premium Fragrance Collection Set 5,Description for Combo Of 3 Fragrances 5,FRAG-0038-D75836,49.9,,false,0,GBP,Fragrance Sets,Multi-Brand,Multi-Brand,Multi-Brand; authentic; collection; combo; fragrance; fragrance sets; gift-set; perfume; scent; set; uk,/images/products/combos/main/3pc-premium-fragrance-collection-set-5-main.png,,true,,,,,2025-08-23T22:37:57.915362,2025-08-23T22:45:54.490105
39,kit-of-3-fragrances-6,3-Piece Premium Fragrance Collection Set 6,Description for Combo Of 3 Fragrances 6,FRAG-0039-F042FD,49.9,,false,0,GBP,Fragrance Sets,Multi-Brand,Multi-Brand,Multi-Brand; authentic; collection; combo; fragrance; fragrance sets; gift-set; perfume; scent; set; uk,/images/products/combos/main/3pc-premium-fragrance-collection-set-6-main.png,,true,,,,,2025-08-23T22:37:57.915573,2025-08-23T22:45:54.490236
40,kit-of-3-fragrances-7,3-Piece Premium Fragrance Collection Set 7,Description for Combo Of 3 Fragrances 7,FRAG-0040-3936BB,49.9,,false,0,GBP,Fragrance Sets,Multi-Brand,Multi-Brand,Multi-Brand; authentic; collection; combo; fragrance; fragrance sets; gift-set; perfume; scent; set; uk,/images/products/combos/main/3pc-premium-fragrance-collection-set-7-main.png,,true,,,,,2025-08-23T22:37:57.915873,2025-08-23T22:45:54.490406
41,kit-of-3-fragrances-8,3-Piece Premium Fragrance Collection Set 8,Description for Combo Of 3 Fragrances 8,FRAG-0041-C76D9F,49.9,,false,0,GBP,Fragrance Sets,Multi-Brand,Multi-Brand,Multi-Brand; authentic; collection; combo; fragrance; fragrance sets; gift-set; perfume; scent; set; uk,/images/products/combos/main/3pc-premium-fragrance-collection-set-8-main.png,,true,,,,,2025-08-23T22:37:57.916125,2025-08-23T22:45:54.490552
42,kit-of-3-fragrances-9,3-Piece Premium Fragrance Collection Set 9,Description for Combo Of 3 Fragrances 9,FRAG-0042-1B4A79,49.9,,false,0,GBP,Fragrance Sets,Multi-Brand,Multi-Brand,Multi-Brand; authentic; collection; combo; fragrance; fragrance sets; gift-set; perfume; scent; set; uk,/images/products/combos/main/3pc-premium-fragrance-collection-set-9-main.png,,true,,,,,2025-08-23T22:37:57.916293,2025-08-23T22:45:54.490682
43,kit-3-parfums-good-girl-carolina-herreral-nº5-ch,"3-Piece Fragrance Set: Good Girl Carolina Herrera, Nº5 Chanel & Fame Paco Rabanne",Description for Combo 3 Parfums Good Girl Carolina Herreral Nº5 Ch,FRAG-0043-4178B4,49.9,,false,0,GBP,Fragrance Sets,Carolina Herrera,Carolina Herrera,Carolina Herrera; authentic; collection; combo; fragrance; fragrance sets; gift-set; perfume; scent; set; uk,/images/products/combos/main/combo-3-parfums-good-girl-carolina-herreral-nº5-ch-main.png,,true,,,,,2025-08-23T22:37:57.916510,2025-08-23T22:45:54.490864
44,kit-of-3-fragrances,3-Piece Premium Fragrance Collection,Description for Combo Of 3 Fragrances,FRAG-0044-44B144,49.9,,false,0,GBP,Fragrance Sets,Multi-Brand,Multi-Brand,Multi-Brand; authentic; collection; combo; fragrance; fragrance sets; gift-set; perfume; scent; set; uk,/images/products/combos/main/3pc-premium-fragrance-collection-main.png,,true,,,,,2025-08-23T22:37:57.916664,2025-08-23T22:45:54.490996
45,kit-of-3-fragrances-copia,3-Piece Premium Fragrance Collection - Special Edition,Description for Combo Of 3 Fragrances Copia,FRAG-0045-36437D,49.9,,false,0,GBP,Fragrance Sets,Multi-Brand,Multi-Brand,Multi-Brand; authentic; collection; combo; fragrance; fragrance sets; gift-set; perfume; scent; set; uk,/images/products/combos/main/3pc-premium-fragrance-collection-special-edition-main.png,,true,,,,,2025-08-23T22:37:57.916822,2025-08-23T22:45:54.491099
46,good-girl-carolina-herrera-la-vie-est-belle-lancom,"3-Piece Fragrance Set: Good Girl, La Vie Est Belle & 212 VIP Rose",Description for Good Girl Carolina Herrera La Vie Est Belle Lancom,FRAG-0046-558D5E,49.9,,false,0,GBP,Fragrance Sets,Carolina Herrera,Carolina Herrera,Carolina Herrera; authentic; collection; combo; fragrance; fragrance sets; gift-set; perfume; scent; set; uk,/images/products/combos/main/good-girl-carolina-herrera-la-vie-est-belle-lancom-main.png,,true,,,,,2025-08-23T22:37:57.917033,2025-08-23T22:45:54.491106
47,invictus-legend-paco-rabanne-invictus-paco-rabanne,"3-Piece Fragrance Set: Invictus Legend, Invictus & Invictus Victory Elixir",Description for Invictus Legend Paco Rabanne Invictus Paco Rabanne,FRAG-0047-C7AB9B,49.9,,false,0,GBP,Fragrance Sets,Paco Rabanne,Paco Rabanne,Paco Rabanne; authentic; collection; combo; fragrance; fragrance sets; gift-set; perfume; scent; set; uk,/images/products/combos/main/invictus-legend-paco-rabanne-invictus-paco-rabanne-main.png,,true,,,,,2025-08-23T22:37:57.917212,2025-08-23T22:45:54.491111